tarefa,modelo,pav_prev_origem,acc
pavimento,RF,N/A,0.9993446562175742
pavimento,MLP,N/A,0.9981978045983289
pavimento,SVM,N/A,0.9932281142482661
pavimento,LSTM,N/A,0.9944237918215614
qualidade,RF,RF,0.9940472939762984
qualidade,MLP,RF,0.9717656053738191
qualidade,SVM,RF,0.9397629839986893
qualidade,LSTM,RF,0.9339055324732123
